{"IcoMoonType":"selection","icons":[{"icon":{"paths":["M512 128l-342 256v512h684v-512zM534 534q0 26-19 45t-45 19v170h-44v-170q-26 0-45-19t-19-45v-128h44v128h20v-128h44v128h20v-128h44v128zM640 768h-42v-150h-44v-128q0-34 25-59t61-25v362z"],"attrs":[{}],"isMulticolor":false,"isMulticolor2":false,"tags":["food_bank"],"grid":24},"attrs":[{}],"properties":{"order":1,"id":0,"prevSize":24,"code":59649,"name":"icon_food"},"setIdx":0,"setId":3,"iconIdx":0}],"height":1024,"metadata":{"name":"icomoon"},"preferences":{"showGlyphs":true,"showQuickUse":true,"showQuickUse2":true,"showSVGs":true,"fontPref":{"prefix":"icon-","metadata":{"fontFamily":"icomoon"},"metrics":{"emSize":1024,"baseline":6.25,"whitespace":50},"embed":false},"imagePref":{"prefix":"icon-","png":true,"useClassSelector":true,"color":0,"bgColor":16777215,"classSelector":".icon","name":"icomoon"},"historySize":50,"showCodes":true,"gridSize":16,"showLiga":true}}